<?xml version="1.0"?>
<!--
/**
 * Copyright © 2015 Magento. All rights reserved.
 * See COPYING.txt for license details.
 */
-->
<config xmlns:xsi="http://www.w3.org/2001/XMLSchema-instance" xsi:noNamespaceSchemaLocation="urn:magento:module:Magento_Config:etc/system_file.xsd">
    <system>
        <section id="design" translate="label">
            <group id="head" translate="label" type="text" sortOrder="20" showInDefault="1" showInWebsite="1" showInStore="1">
                <label>HTML Head</label>
                <field id="shortcut_icon" translate="label comment" type="image" sortOrder="5" showInDefault="1" showInWebsite="1" showInStore="1">
                    <label>Favicon Icon</label>
                    <comment>Allowed file types: ICO, PNG, GIF, JPG, JPEG, APNG, SVG. Not all browsers support all these formats!</comment>
                    <backend_model>Magento\Config\Model\Config\Backend\Image\Favicon</backend_model>
                    <base_url type="media" scope_info="1">favicon</base_url>
                </field>
                <field id="default_title" translate="label" type="text" sortOrder="10" showInDefault="1" showInWebsite="1" showInStore="1">
                    <label>Default Title</label>
                </field>
                <field id="title_prefix" translate="label" type="text" sortOrder="12" showInDefault="1" showInWebsite="1" showInStore="1">
                    <label>Title Prefix</label>
                </field>
                <field id="title_suffix" translate="label" type="text" sortOrder="14" showInDefault="1" showInWebsite="1" showInStore="1">
                    <label>Title Suffix</label>
                </field>
                <field id="default_description" translate="label" type="textarea" sortOrder="20" showInDefault="1" showInWebsite="1" showInStore="1">
                    <label>Default Description</label>
                </field>
                <field id="default_keywords" translate="label" type="textarea" sortOrder="30" showInDefault="1" showInWebsite="1" showInStore="1">
                    <label>Default Keywords</label>
                </field>
                <field id="includes" translate="label comment" type="textarea" sortOrder="70" showInDefault="1" showInWebsite="1" showInStore="1">
                    <label>Miscellaneous Scripts</label>
                    <comment>This will be included before head closing tag in page HTML.</comment>
                </field>
                <field id="demonotice" translate="label comment" type="select" sortOrder="80" showInDefault="1" showInWebsite="1" showInStore="1">
                    <label>Display Demo Store Notice</label>
                    <source_model>Magento\Config\Model\Config\Source\Yesno</source_model>
                </field>
            </group>
            <group id="search_engine_robots" translate="label" type="text" sortOrder="25" showInDefault="1" showInWebsite="1" showInStore="1">
                <label>Search Engine Robots</label>
                <field id="default_robots" translate="label comment" type="select" sortOrder="40" showInDefault="1" showInWebsite="1" showInStore="1">
                    <label>Default Robots</label>
                    <comment>This will be included before head closing tag in page HTML.</comment>
                    <source_model>Magento\Config\Model\Config\Source\Design\Robots</source_model>
                </field>
                <field id="custom_instructions" translate="label comment" type="textarea" sortOrder="70" showInDefault="1" showInWebsite="1" showInStore="1">
                    <label>Edit custom instruction of robots.txt File</label>
                    <backend_model>Magento\Config\Model\Config\Backend\Admin\Robots</backend_model>
                </field>
                <field id="reset_to_defaults" translate="label comment" type="button" sortOrder="80" showInDefault="1" showInWebsite="1" showInStore="1">
                    <label>Reset to Defaults</label>
                    <frontend_model>Magento\Backend\Block\Page\System\Config\Robots\Reset</frontend_model>
                    <comment>This action will delete your custom instructions and reset robots.txt file to system's default settings.</comment>
                </field>
            </group>
            <group id="header" translate="label comment" type="text" sortOrder="30" showInDefault="1" showInWebsite="1" showInStore="1">
                <label>Header</label>
                <field id="logo_src" translate="label" type="image" sortOrder="10" showInDefault="1" showInWebsite="1" showInStore="1">
                    <label>Logo Image</label>
                    <comment>Allowed file types:PNG, GIF, JPG, JPEG, SVG.</comment>
                    <backend_model>Magento\Config\Model\Config\Backend\Image\Logo</backend_model>
                    <base_url type="media" scope_info="1">logo</base_url>
                </field>
                <field id="logo_width" translate="label" type="text" sortOrder="11" showInDefault="1" showInWebsite="1" showInStore="1">
                    <label>Logo Image Width</label>
                </field>
                <field id="logo_height" translate="label" type="text" sortOrder="12" showInDefault="1" showInWebsite="1" showInStore="1">
                    <label>Logo Image Height</label>
                </field>
                <field id="logo_alt" translate="label" type="text" sortOrder="20" showInDefault="1" showInWebsite="1" showInStore="1">
                    <label>Logo Image Alt</label>
                </field>
                <field id="welcome" translate="label" type="text" sortOrder="30" showInDefault="1" showInWebsite="1" showInStore="1">
                    <label>Welcome Text</label>
                </field>
            </group>
            <group id="footer" translate="label" type="text" sortOrder="40" showInDefault="1" showInWebsite="1" showInStore="1">
                <label>Footer</label>
                <field id="copyright" translate="label" type="textarea" sortOrder="10" showInDefault="1" showInWebsite="1" showInStore="1">
                    <label>Copyright</label>
                </field>
                <field id="absolute_footer" translate="label comment" type="textarea" sortOrder="20" showInDefault="1" showInWebsite="1" showInStore="1">
                    <label>Miscellaneous HTML</label>
                    <comment>This will be displayed just before body closing tag.</comment>
                </field>
            </group>
        </section>
    </system>
</config>
