<?xml version="1.0"?>
<!--
/**
 * Copyright © 2015 Magento. All rights reserved.
 * See COPYING.txt for license details.
 */
-->
<config xmlns:xsi="http://www.w3.org/2001/XMLSchema-instance" xsi:noNamespaceSchemaLocation="urn:magento:framework:ObjectManager/etc/config.xsd">
    <preference for="Magento\Framework\View\Design\Theme\FileInterface" type="Magento\Theme\Model\Theme\File" />
    <preference for="Magento\Framework\View\Design\Theme\ThemeProviderInterface" type="Magento\Theme\Model\Theme\ThemeProvider" />
    <preference for="Magento\Framework\View\Design\Theme\FileProviderInterface" type="Magento\Theme\Model\Theme\FileProvider" />
    <preference for="Magento\Framework\View\Design\Theme\Customization\ConfigInterface" type="Magento\Theme\Model\Theme\Customization\Config" />
    <preference for="Magento\Framework\App\DesignInterface" type="Magento\Theme\Model\Design" />
    <preference for="Magento\Framework\View\Page\FaviconInterface" type="Magento\Theme\Model\Favicon\Favicon" />
    <preference for="Magento\Framework\View\Design\Theme\ListInterface" type="Magento\Theme\Model\Theme\Collection" />
    <preference for="Magento\Framework\View\Element\Message\InterpretationStrategyInterface" type="Magento\Framework\View\Element\Message\InterpretationMediator" />
    <type name="Magento\Framework\View\Element\Message\Renderer\RenderersPool">
        <arguments>
            <argument name="renderers" xsi:type="array">
                <item name="escape_renderer" xsi:type="object">Magento\Framework\View\Element\Message\Renderer\EscapeRenderer</item>
                <item name="block_renderer" xsi:type="object">Magento\Framework\View\Element\Message\Renderer\BlockRenderer</item>
            </argument>
        </arguments>
    </type>
    <type name="Magento\Framework\View\Element\Message\MessageConfigurationsPool">
        <arguments>
            <argument name="configurationsMap" xsi:type="array">
                <item name="default_message_identifier" xsi:type="array">
                    <item name="renderer" xsi:type="const">\Magento\Framework\View\Element\Message\Renderer\EscapeRenderer::CODE</item>
                </item>
            </argument>
        </arguments>
    </type>
    <type name="Magento\Theme\Model\Config">
        <arguments>
            <argument name="configCache" xsi:type="object">Magento\Framework\App\Cache\Type\Config</argument>
            <argument name="layoutCache" xsi:type="object">Magento\Framework\App\Cache\Type\Layout</argument>
        </arguments>
    </type>
    <type name="Magento\Theme\Model\Uploader\Service">
        <arguments>
            <argument name="uploadLimits" xsi:type="array">
                <item name="css" xsi:type="string">2M</item>
                <item name="js" xsi:type="string">2M</item>
            </argument>
        </arguments>
    </type>
    <type name="Magento\Theme\Model\Layout\Config\Reader">
        <arguments>
            <argument name="fileName" xsi:type="string">layouts.xml</argument>
            <argument name="converter" xsi:type="object">Magento\Theme\Model\Layout\Config\Converter</argument>
            <argument name="schemaLocator" xsi:type="object">Magento\Theme\Model\Layout\Config\SchemaLocator</argument>
        </arguments>
    </type>
    <virtualType name="Magento\Theme\Model\Layout\Config\Data" type="Magento\Framework\Config\Data">
        <arguments>
            <argument name="reader" xsi:type="object">Magento\Theme\Model\Layout\Config\Reader\Proxy</argument>
            <argument name="cacheId" xsi:type="string">page_layouts_config</argument>
        </arguments>
    </virtualType>
    <type name="Magento\Theme\Model\Layout\Config">
        <arguments>
            <argument name="dataStorage" xsi:type="object">Magento\Theme\Model\Layout\Config\Data</argument>
        </arguments>
    </type>
    <type name="Magento\Theme\Model\Wysiwyg\Storage">
        <arguments>
            <argument name="helper" xsi:type="object">Magento\Theme\Helper\Storage\Proxy</argument>
        </arguments>
    </type>
    <preference for="Magento\Framework\App\View\Deployment\Version\StorageInterface" type="Magento\Framework\App\View\Deployment\Version\Storage\File"/>
    <type name="Magento\Framework\App\View\Deployment\Version\Storage\File">
        <arguments>
            <argument name="directoryCode" xsi:type="const">Magento\Framework\App\Filesystem\DirectoryList::STATIC_VIEW</argument>
            <argument name="fileName" xsi:type="string">deployed_version.txt</argument>
        </arguments>
    </type>
    <type name="Magento\Framework\Url\ScopeInterface">
        <plugin name="urlSignature" type="Magento\Theme\Model\Url\Plugin\Signature"/>
    </type>
    <type name="Magento\Theme\Model\Theme\Collection" shared="false" />
    <type name="Magento\Theme\Model\View\Design">
        <arguments>
            <argument name="themes" xsi:type="array">
                <item name="frontend" xsi:type="string">Magento/luma</item>
                <item name="adminhtml" xsi:type="string">Magento/backend</item>
            </argument>
        </arguments>
    </type>
    <type name="Magento\Framework\App\Area">
        <arguments>
            <argument name="translator" xsi:type="object">Magento\Framework\Translate</argument>
            <argument name="design" xsi:type="object">Magento\Theme\Model\Design\Proxy</argument>
        </arguments>
    </type>
    <type name="Magento\Framework\Console\CommandList">
        <arguments>
            <argument name="commands" xsi:type="array">
                <item name="theme_uninstall" xsi:type="object">Magento\Theme\Console\Command\ThemeUninstallCommand</item>
            </argument>
        </arguments>
    </type>
    <preference for="Magento\Framework\View\Model\PageLayout\Config\BuilderInterface" type="Magento\Theme\Model\PageLayout\Config\Builder"/>
</config>
